{"cameraMode":{"drawMode":0,"name":"Shaded","section":"Shading Mode"},"sceneLighting":true,"audioPlay":false,"sceneViewState":{"m_AlwaysRefresh":false,"showFog":true,"showSkybox":true,"showFlares":true,"showImageEffects":true,"showParticleSystems":true,"showVisualEffectGraphs":true,"m_FxEnabled":true},"in2DMode":false,"pivot":{"x":-0.36461806297302248,"y":4.013484954833984,"z":-7.790082931518555},"rotation":{"x":-0.006631615571677685,"y":-0.06844088435173035,"z":-0.0010998169891536236,"w":0.9978687763214111},"size":9.12024974822998,"orthographic":false}