{"cameraMode":{"drawMode":0,"name":"Shaded","section":"Shading Mode"},"sceneLighting":false,"audioPlay":false,"sceneViewState":{"m_AlwaysRefresh":false,"showFog":true,"showSkybox":true,"showFlares":true,"showImageEffects":true,"showParticleSystems":true,"showVisualEffectGraphs":true,"m_FxEnabled":true},"in2DMode":false,"pivot":{"x":20.292818069458009,"y":23.027206420898439,"z":7.706895351409912},"rotation":{"x":-0.2235201895236969,"y":0.45956581830978396,"z":-0.12067381292581558,"w":-0.8511238694190979},"size":1.1402649879455567,"orthographic":false}