{"cameraMode":{"drawMode":0,"name":"Shaded","section":"Shading Mode"},"sceneLighting":false,"audioPlay":false,"sceneViewState":{"m_AlwaysRefresh":false,"showFog":true,"showSkybox":false,"showFlares":true,"showImageEffects":true,"showParticleSystems":true,"showVisualEffectGraphs":true,"m_FxEnabled":true},"in2DMode":false,"pivot":{"x":3.087254285812378,"y":1.2375144958496094,"z":5.375843048095703},"rotation":{"x":0.024209406226873399,"y":0.9602413177490234,"z":-0.26347780227661135,"w":0.08796410262584686},"size":0.106422059237957,"orthographic":false}